{
  "version": 1,
  "author": "Jonathan James",
  "editor": "wokwi",
  "parts": [
    {
      "type": "wokwi-pi-pico",
      "id": "pico",
      "top": 156.11,
      "left": -735.27,
      "rotate": 90,
      "attrs": { "env": "micropython-20230426-v1.20.0" }
    },
    {
      "type": "wokwi-resistor",
      "id": "r1",
      "top": 166.83,
      "left": -780.77,
      "rotate": 270,
      "attrs": { "value": "1000" }
    },
    {
      "type": "wokwi-resistor",
      "id": "r2",
      "top": 165.75,
      "left": -737.01,
      "rotate": 270,
      "attrs": { "value": "1000" }
    },
    {
      "type": "wokwi-resistor",
      "id": "r3",
      "top": 161.77,
      "left": -697.13,
      "rotate": 270,
      "attrs": { "value": "1000" }
    },
    {
      "type": "wokwi-resistor",
      "id": "r4",
      "top": 163.89,
      "left": -656.43,
      "rotate": 270,
      "attrs": { "value": "1000" }
    },
    {
      "type": "wokwi-resistor",
      "id": "r5",
      "top": 165.12,
      "left": -641.62,
      "rotate": 270,
      "attrs": { "value": "1000" }
    },
    {
      "type": "wokwi-resistor",
      "id": "r6",
      "top": 167.21,
      "left": -628.23,
      "rotate": 270,
      "attrs": { "value": "1000" }
    },
    {
      "type": "wokwi-resistor",
      "id": "r7",
      "top": 163.16,
      "left": -669.09,
      "rotate": 270,
      "attrs": { "value": "1000" }
    },
    {
      "type": "wokwi-resistor",
      "id": "r8",
      "top": 162.72,
      "left": -709.65,
      "rotate": 270,
      "attrs": { "value": "1000" }
    },
    {
      "type": "wokwi-resistor",
      "id": "r9",
      "top": 163.29,
      "left": -722.46,
      "rotate": 270,
      "attrs": { "value": "1000" }
    },
    {
      "type": "wokwi-resistor",
      "id": "r10",
      "top": 166.46,
      "left": -750.03,
      "rotate": 270,
      "attrs": { "value": "1000" }
    },
    {
      "type": "wokwi-resistor",
      "id": "r11",
      "top": 167.54,
      "left": -763.76,
      "rotate": 270,
      "attrs": { "value": "1000" }
    },
    {
      "type": "wokwi-resistor",
      "id": "r12",
      "top": 160.84,
      "left": -682.84,
      "rotate": 270,
      "attrs": { "value": "1000" }
    },
    {
      "type": "wokwi-resistor",
      "id": "r25",
      "top": 166.71,
      "left": -839.19,
      "rotate": 270,
      "attrs": { "value": "1000" }
    },
    {
      "type": "wokwi-resistor",
      "id": "r26",
      "top": 165.63,
      "left": -795.43,
      "rotate": 270,
      "attrs": { "value": "1000" }
    },
    {
      "type": "wokwi-resistor",
      "id": "r27",
      "top": 166.34,
      "left": -808.45,
      "rotate": 270,
      "attrs": { "value": "1000" }
    },
    {
      "type": "wokwi-resistor",
      "id": "r28",
      "top": 167.42,
      "left": -824.13,
      "rotate": 270,
      "attrs": { "value": "1000" }
    },
    {
      "type": "wokwi-led",
      "id": "led1",
      "top": 78.83,
      "left": -571.61,
      "attrs": { "color": "red" }
    },
    { "type": "wokwi-led", "id": "led2", "top": 80.03, "left": -592, "attrs": { "color": "red" } },
    {
      "type": "wokwi-led",
      "id": "led3",
      "top": 81.23,
      "left": -612.4,
      "attrs": { "color": "red" }
    },
    {
      "type": "wokwi-led",
      "id": "led4",
      "top": 80.04,
      "left": -632.79,
      "attrs": { "color": "red" }
    },
    {
      "type": "wokwi-led",
      "id": "led5",
      "top": 78.84,
      "left": -653.18,
      "attrs": { "color": "red" }
    },
    {
      "type": "wokwi-led",
      "id": "led6",
      "top": 80.04,
      "left": -673.58,
      "attrs": { "color": "red" }
    },
    {
      "type": "wokwi-led",
      "id": "led7",
      "top": 81.24,
      "left": -693.97,
      "attrs": { "color": "red" }
    },
    {
      "type": "wokwi-led",
      "id": "led8",
      "top": 81.25,
      "left": -713.16,
      "attrs": { "color": "red" }
    },
    {
      "type": "wokwi-led",
      "id": "led9",
      "top": 82.45,
      "left": -732.35,
      "attrs": { "color": "red" }
    },
    {
      "type": "wokwi-led",
      "id": "led10",
      "top": 83.65,
      "left": -751.55,
      "attrs": { "color": "red" }
    },
    {
      "type": "wokwi-led",
      "id": "led11",
      "top": 83.65,
      "left": -770.74,
      "attrs": { "color": "red" }
    },
    {
      "type": "wokwi-led",
      "id": "led12",
      "top": 84.85,
      "left": -789.94,
      "attrs": { "color": "red" }
    },
    {
      "type": "wokwi-led",
      "id": "led13",
      "top": 83.66,
      "left": -809.12,
      "attrs": { "color": "red" }
    },
    {
      "type": "wokwi-led",
      "id": "led14",
      "top": 83.66,
      "left": -828.32,
      "attrs": { "color": "red" }
    },
    {
      "type": "wokwi-led",
      "id": "led15",
      "top": 83.66,
      "left": -846.32,
      "attrs": { "color": "red" }
    },
    {
      "type": "wokwi-led",
      "id": "led16",
      "top": 84.87,
      "left": -864.31,
      "attrs": { "color": "red" }
    },
    {
      "type": "wokwi-resistor",
      "id": "r14",
      "top": 340.17,
      "left": -803.56,
      "rotate": 90,
      "attrs": { "value": "1000" }
    },
    {
      "type": "wokwi-resistor",
      "id": "r15",
      "top": 336.19,
      "left": -763.68,
      "rotate": 90,
      "attrs": { "value": "1000" }
    },
    {
      "type": "wokwi-resistor",
      "id": "r16",
      "top": 338.31,
      "left": -722.98,
      "rotate": 90,
      "attrs": { "value": "1000" }
    },
    {
      "type": "wokwi-resistor",
      "id": "r17",
      "top": 339.54,
      "left": -708.17,
      "rotate": 90,
      "attrs": { "value": "1000" }
    },
    {
      "type": "wokwi-resistor",
      "id": "r18",
      "top": 338.55,
      "left": -693.24,
      "rotate": 90,
      "attrs": { "value": "1000" }
    },
    {
      "type": "wokwi-resistor",
      "id": "r19",
      "top": 337.58,
      "left": -735.64,
      "rotate": 90,
      "attrs": { "value": "1000" }
    },
    {
      "type": "wokwi-resistor",
      "id": "r20",
      "top": 337.14,
      "left": -776.2,
      "rotate": 90,
      "attrs": { "value": "1000" }
    },
    {
      "type": "wokwi-resistor",
      "id": "r21",
      "top": 337.71,
      "left": -789.01,
      "rotate": 90,
      "attrs": { "value": "1000" }
    },
    {
      "type": "wokwi-resistor",
      "id": "r22",
      "top": 340.88,
      "left": -815.99,
      "rotate": 90,
      "attrs": { "value": "1000" }
    },
    {
      "type": "wokwi-resistor",
      "id": "r24",
      "top": 335.26,
      "left": -749.39,
      "rotate": 90,
      "attrs": { "value": "1000" }
    },
    {
      "type": "wokwi-led",
      "id": "led17",
      "top": 391.09,
      "left": -673.36,
      "rotate": 180,
      "attrs": { "color": "red" }
    },
    {
      "type": "wokwi-led",
      "id": "led18",
      "top": 391.51,
      "left": -693.75,
      "rotate": 180,
      "attrs": { "color": "red" }
    },
    {
      "type": "wokwi-led",
      "id": "led19",
      "top": 392.71,
      "left": -714.15,
      "rotate": 180,
      "attrs": { "color": "red" }
    },
    {
      "type": "wokwi-led",
      "id": "led20",
      "top": 391.52,
      "left": -734.54,
      "rotate": 180,
      "attrs": { "color": "red" }
    },
    {
      "type": "wokwi-led",
      "id": "led21",
      "top": 390.32,
      "left": -754.93,
      "rotate": 180,
      "attrs": { "color": "red" }
    },
    {
      "type": "wokwi-led",
      "id": "led22",
      "top": 391.52,
      "left": -775.33,
      "rotate": 180,
      "attrs": { "color": "red" }
    },
    {
      "type": "wokwi-led",
      "id": "led23",
      "top": 392.72,
      "left": -795.72,
      "rotate": 180,
      "attrs": { "color": "red" }
    },
    {
      "type": "wokwi-led",
      "id": "led24",
      "top": 392.73,
      "left": -814.91,
      "rotate": 180,
      "attrs": { "color": "red" }
    },
    {
      "type": "wokwi-led",
      "id": "led25",
      "top": 393.93,
      "left": -834.1,
      "rotate": 180,
      "attrs": { "color": "red" }
    },
    {
      "type": "wokwi-led",
      "id": "led26",
      "top": 395.13,
      "left": -853.3,
      "rotate": 180,
      "attrs": { "color": "red" }
    },
    {
      "type": "wokwi-pushbutton",
      "id": "btn1",
      "top": 328.34,
      "left": -636.39,
      "rotate": 180,
      "attrs": { "color": "green" }
    },
    {
      "type": "wokwi-resistor",
      "id": "r13",
      "top": 309.63,
      "left": -644.71,
      "rotate": 180,
      "attrs": { "value": "1000" }
    }
  ],
  "connections": [
    [ "r6:2", "led1:A", "green", [ "h0" ] ],
    [ "r5:2", "led2:A", "green", [ "h0" ] ],
    [ "led3:A", "r4:2", "green", [ "v0" ] ],
    [ "r7:2", "led4:A", "green", [ "h0" ] ],
    [ "r12:2", "led5:A", "green", [ "h0" ] ],
    [ "r3:2", "led6:A", "green", [ "h0" ] ],
    [ "r8:2", "led7:A", "green", [ "h0" ] ],
    [ "r9:2", "led8:A", "green", [ "h0" ] ],
    [ "r2:2", "led9:A", "green", [ "h0" ] ],
    [ "r10:2", "led10:A", "green", [ "h0" ] ],
    [ "r11:2", "led11:A", "green", [ "h0" ] ],
    [ "r1:2", "led12:A", "green", [ "h0" ] ],
    [ "r26:2", "led13:A", "green", [ "h0" ] ],
    [ "r27:2", "led14:A", "green", [ "h0" ] ],
    [ "r28:2", "led15:A", "green", [ "h0" ] ],
    [ "r25:2", "led16:A", "green", [ "h0" ] ],
    [ "r18:2", "led17:A", "green", [ "h0" ] ],
    [ "r17:2", "led18:A", "green", [ "h0" ] ],
    [ "led19:A", "r16:2", "green", [ "v0" ] ],
    [ "r19:2", "led20:A", "green", [ "h0" ] ],
    [ "r24:2", "led21:A", "green", [ "h0" ] ],
    [ "r15:2", "led22:A", "green", [ "h0" ] ],
    [ "r20:2", "led23:A", "green", [ "h0" ] ],
    [ "r21:2", "led24:A", "green", [ "h0" ] ],
    [ "r14:2", "led25:A", "green", [ "h0" ] ],
    [ "r22:2", "led26:A", "green", [ "h0" ] ],
    [ "led1:C", "led2:C", "green", [ "v0" ] ],
    [ "led2:C", "led3:C", "green", [ "v0" ] ],
    [ "led3:C", "led4:C", "green", [ "v0" ] ],
    [ "led4:C", "led5:C", "green", [ "v0" ] ],
    [ "led6:C", "led5:C", "green", [ "v0" ] ],
    [ "led6:C", "led7:C", "green", [ "v0" ] ],
    [ "led7:C", "led8:C", "green", [ "v0" ] ],
    [ "led8:C", "led9:C", "green", [ "v0" ] ],
    [ "led9:C", "led10:C", "green", [ "v0" ] ],
    [ "led10:C", "led11:C", "green", [ "v0" ] ],
    [ "led11:C", "led12:C", "green", [ "v0" ] ],
    [ "led12:C", "led13:C", "green", [ "v0" ] ],
    [ "led13:C", "led14:C", "green", [ "v0" ] ],
    [ "led14:C", "led15:C", "green", [ "v0" ] ],
    [ "led15:C", "led16:C", "green", [ "v0" ] ],
    [ "pico:GP0", "r6:1", "green", [ "v0" ] ],
    [ "r5:1", "pico:GP1", "green", [ "h0" ] ],
    [ "pico:GND.1", "led1:C", "black", [ "v-13.35", "h82.83" ] ],
    [ "pico:GP2", "r4:1", "green", [ "v0" ] ],
    [ "r7:1", "pico:GP3", "green", [ "h0" ] ],
    [ "pico:GP4", "r12:1", "green", [ "v0" ] ],
    [ "r3:1", "pico:GP5", "green", [ "h0" ] ],
    [ "pico:GP6", "r8:1", "green", [ "v0" ] ],
    [ "r9:1", "pico:GP7", "green", [ "h0" ] ],
    [ "pico:GP8", "r2:1", "green", [ "v0" ] ],
    [ "r10:1", "pico:GP9", "green", [ "h0" ] ],
    [ "pico:GP10", "r11:1", "green", [ "v0" ] ],
    [ "r1:1", "pico:GP11", "green", [ "h0" ] ],
    [ "pico:GP12", "r26:1", "green", [ "v0" ] ],
    [ "pico:GP13", "r27:1", "green", [ "v0" ] ],
    [ "pico:GP14", "r28:1", "green", [ "v0" ] ],
    [ "pico:GP15", "r25:1", "green", [ "v0" ] ],
    [ "pico:GP28", "r18:1", "green", [ "v0" ] ],
    [ "pico:GP27", "r17:1", "green", [ "v0" ] ],
    [ "pico:GP26", "r16:1", "green", [ "v0" ] ],
    [ "r19:1", "pico:GP22", "green", [ "h0" ] ],
    [ "r24:1", "pico:GP21", "green", [ "h0" ] ],
    [ "r15:1", "pico:GP20", "green", [ "h0" ] ],
    [ "r20:1", "pico:GP19", "green", [ "h0" ] ],
    [ "r21:1", "pico:GP18", "green", [ "h0" ] ],
    [ "r14:1", "pico:GP17", "green", [ "h0" ] ],
    [ "r22:1", "pico:GP16", "green", [ "h0" ] ],
    [ "led18:C", "led17:C", "green", [ "v0" ] ],
    [ "led18:C", "led19:C", "green", [ "v0.47", "h-24.96", "v-0.63" ] ],
    [ "led20:C", "led19:C", "green", [ "v0" ] ],
    [ "led20:C", "led21:C", "green", [ "v0" ] ],
    [ "led21:C", "led22:C", "green", [ "v0" ] ],
    [ "led22:C", "led23:C", "green", [ "v0" ] ],
    [ "led23:C", "led24:C", "green", [ "v0" ] ],
    [ "led24:C", "led25:C", "green", [ "v0" ] ],
    [ "led25:C", "led26:C", "green", [ "v0" ] ],
    [ "led17:C", "led1:C", "green", [ "v-7.97", "h102.22" ] ],
    [ "btn1:1.r", "r18:1", "green", [ "v-4.27", "h-16.78", "v-17.88" ] ],
    [ "r13:2", "r18:1", "green", [ "v0" ] ],
    [ "pico:3V3", "btn1:2.r", "green", [ "v16.96", "h11.09" ] ],
    [ "pico:GND.8", "r13:1", "black", [ "v13.88", "h21.43" ] ]
  ],
  "dependencies": {}
}